Name,playerid,Team,Pos,WAR,height,weight,z_score
Aaron Judge,15640,Yankees,RF,8.2,79,282,4.187832745162997
Chris Sale,10603,Red Sox,P,7.7,78,180,3.877073590449832
Jose Altuve,5417,Astros,2B,7.5,66,165,3.752769928564565
Corey Kluber,2429,Indians,P,7.3,76,215,3.6284662666792986
Anthony Rendon,12861,Nationals,3B,6.9,73,210,3.379858942908766
Mike Trout,10155,Angels,CF,6.9,74,235,3.379858942908766
Giancarlo Stanton,4949,Marlins,RF,6.9,78,245,3.379858942908766
Kris Bryant,15429,Cubs,3B,6.7,77,230,3.2555552810234993
Jose Ramirez,13510,Indians,2B/3B,6.6,69,165,3.193403450080866
Joey Votto,4314,Reds,1B,6.6,74,220,3.193403450080866
Charlie Blackmon,7859,Rockies,CF,6.5,75,210,3.131251619138233
Max Scherzer,3137,Nationals,P,6,75,210,2.8204924644250666
Francisco Lindor,12916,Indians,SS,5.9,71,190,2.7583406334824336
Tommy Pham,2967,Cardinals,CF/LF,5.9,73,210,2.7583406334824336
Luis Severino,15890,Yankees,P,5.7,74,215,2.6340369715971668
Corey Seager,13624,Dodgers,SS,5.7,76,220,2.6340369715971668
Nolan Arenado,9777,Rockies,3B,5.6,74,205,2.5718851406545333
Stephen Strasburg,10131,Nationals,P,5.6,76,235,2.5718851406545333
Justin Turner,5235,Dodgers,3B,5.5,71,205,2.5097333097119003
Carlos Carrasco,6632,Indians,P,5.5,75,212,2.5097333097119003
Mookie Betts,13611,Red Sox,RF,5.3,69,180,2.385429647826634
Paul Goldschmidt,9218,Diamondbacks,1B,5.3,75,225,2.385429647826634
Carlos Correa,14162,Astros,SS,5.2,76,215,2.323277816884001
Zack Greinke,1943,Diamondbacks,P,5.1,74,200,2.261125985941367
Brian Dozier,9810,Twins,2B,5,71,200,2.198974154998734
Zack Cozart,2616,Reds,SS,5,72,204,2.198974154998734
Josh Donaldson,5038,Blue Jays,3B,5,73,210,2.198974154998734
Justin Upton,5222,- - -,LF,5,74,205,2.198974154998734
Andrelton Simmons,10847,Angels,SS,4.9,74,200,2.136822324056101
Jimmy Nelson,10547,Brewers,P,4.9,78,250,2.136822324056101
Marcell Ozuna,10324,Marlins,LF,4.8,73,225,2.0746704931134676
Bryce Harper,11579,Nationals,RF,4.8,75,215,2.0746704931134676
Chris Taylor,13757,Dodgers,CF/LF,4.7,73,195,2.0125186621708346
Chris Archer,6345,Rays,P,4.6,74,195,1.950366831228201
Clayton Kershaw,2036,Dodgers,P,4.6,76,228,1.950366831228201
James Paxton,11828,Mariners,P,4.6,76,235,1.950366831228201
Christian Yelich,11477,Marlins,CF,4.5,75,195,1.888215000285568
George Springer,12856,Astros,RF/CF,4.5,75,215,1.888215000285568
Freddie Freeman,5361,Braves,1B,4.5,77,220,1.888215000285568
Michael Conforto,16376,Mets,CF/LF,4.4,73,215,1.826063169342935
Gary Sanchez,11442,Yankees,C,4.4,74,230,1.826063169342935
Jacob deGrom,10954,Mets,P,4.4,76,180,1.826063169342935
Buster Posey,9166,Giants,C/1B,4.3,73,215,1.7639113384003013
Daniel Murphy,4316,Nationals,2B,4.3,73,220,1.7639113384003013
Aaron Nola,16149,Phillies,P,4.3,74,195,1.7639113384003013
Avisail Garcia,5760,White Sox,RF,4.2,76,240,1.7017595074576684
Eugenio Suarez,12552,Reds,3B,4.1,71,213,1.6396076765150347
Elvis Andrus,8709,Rangers,SS,4.1,72,200,1.6396076765150347
Marwin Gonzalez,5497,Astros,LF,4.1,73,205,1.6396076765150347
Jonathan Schoop,11265,Orioles,2B,4.1,73,225,1.6396076765150347
Lorenzo Cain,9077,Royals,CF,4.1,74,205,1.6396076765150347
Jose Abreu,15676,White Sox,1B,4.1,75,255,1.6396076765150347
Eric Hosmer,3516,Royals,1B,4.1,76,225,1.6396076765150347
Justin Verlander,8700,- - -,P,4.1,77,225,1.6396076765150347
Anthony Rizzo,3473,Cubs,1B,4,75,240,1.5774558455724017
Cody Bellinger,15998,Dodgers,1B/LF,4,76,210,1.5774558455724017
Jose Quintana,11423,- - -,P,3.9,73,220,1.5153040146297685
Didi Gregorius,6012,Yankees,SS,3.9,75,205,1.5153040146297685
Brett Gardner,9927,Yankees,LF,3.8,71,195,1.453152183687135
Alex Bregman,17678,Astros,3B,3.8,72,180,1.453152183687135
Nelson Cruz,2434,Mariners,DH,3.8,74,230,1.453152183687135
J.D. Martinez,6184,- - -,RF,3.8,75,220,1.453152183687135
Jeff Samardzija,3254,Giants,P,3.8,77,225,1.453152183687135
Andrew McCutchen,9847,Pirates,CF,3.7,70,195,1.391000352744502
Steven Souza Jr.,5667,Rays,RF,3.7,76,225,1.391000352744502
J.T. Realmuto,11739,Marlins,C,3.6,73,210,1.3288485218018689
Mike Zunino,13265,Mariners,C,3.6,74,220,1.3288485218018689
Kenley Jansen,3096,Dodgers,P,3.6,77,275,1.3288485218018689
Jed Lowrie,4418,Athletics,2B,3.5,72,180,1.2666966908592354
Kyle Seager,9785,Mariners,3B,3.5,72,210,1.2666966908592354
Tim Beckham,7949,- - -,SS,3.5,73,205,1.2666966908592354
Byron Buxton,14161,Twins,CF,3.5,74,190,1.2666966908592354
Josh Reddick,3892,Astros,RF/LF,3.5,74,195,1.2666966908592354
Michael Fulmer,13218,Tigers,P,3.5,75,210,1.2666966908592354
Zack Godley,14862,Diamondbacks,P,3.5,75,240,1.2666966908592354
Yu Darvish,13074,- - -,P,3.5,77,220,1.2666966908592354
Marcus Stroman,13431,Blue Jays,P,3.4,68,180,1.2045448599166022
Brad Peacock,5401,Astros,P,3.4,73,210,1.2045448599166022
Danny Duffy,3542,Royals,P,3.4,75,205,1.2045448599166022
Alex Wood,13781,Dodgers,P,3.4,76,215,1.2045448599166022
Justin Smoak,9054,Blue Jays,1B,3.4,76,220,1.2045448599166022
Travis Shaw,11982,Brewers,3B,3.4,76,230,1.2045448599166022
Cesar Hernandez,10556,Phillies,2B,3.3,70,160,1.142393028973969
Dee Gordon,8203,Marlins,2B,3.3,71,170,1.142393028973969
Carlos Martinez,11682,Cardinals,P,3.3,72,190,1.142393028973969
Gio Gonzalez,7448,Nationals,P,3.3,72,205,1.142393028973969
Craig Kimbrel,6655,Red Sox,P,3.3,72,210,1.142393028973969
Chase Anderson,6895,Brewers,P,3.3,73,200,1.142393028973969
Aaron Hicks,5297,Yankees,CF/LF,3.3,73,202,1.142393028973969
Ryan Zimmerman,4220,Nationals,1B,3.3,75,225,1.142393028973969
Logan Morrison,9205,Rays,1B,3.3,75,245,1.142393028973969
Domingo Santana,10348,Brewers,RF,3.3,77,220,1.142393028973969
Charlie Morton,4676,Astros,P,3.3,77,235,1.142393028973969
Robinson Cano,3269,Mariners,2B,3.2,72,210,1.0802411980313358
Trevor Bauer,12703,Indians,P,3.2,73,190,1.0802411980313358
Willson Contreras,11609,Cubs,C,3.2,73,210,1.0802411980313358
Xander Bogaerts,12161,Red Sox,SS,3.2,73,210,1.0802411980313358
Robbie Ray,11486,Diamondbacks,P,3.2,74,195,1.0802411980313358
Jon Gray,14916,Rockies,P,3.2,76,235,1.0802411980313358
Michael Wacha,14078,Cardinals,P,3.2,78,215,1.0802411980313358
Mike Leake,10130,- - -,P,3.1,70,170,1.0180893670887026
Adrian Beltre,639,Rangers,3B/DH,3.1,71,220,1.0180893670887026
Whit Merrifield,11281,Royals,2B,3.1,72,195,1.0180893670887026
Michael Taylor,11489,Nationals,CF,3.1,75,210,1.0180893670887026
Gerrit Cole,13125,Pirates,P,3.1,76,225,1.0180893670887026
Drew Pomeranz,11426,Red Sox,P,3.1,78,240,1.0180893670887026
Ender Inciarte,4922,Braves,CF,3,71,190,0.9559375361460692
Carlos Santana,2396,Indians,1B,3,71,210,0.9559375361460692
Trea Turner,16252,Nationals,SS,3,73,185,0.9559375361460692
Paul DeJong,18015,Cardinals,SS,3,73,195,0.9559375361460692
Lance McCullers,14120,Astros,P,3,73,205,0.9559375361460692
Kevin Kiermaier,11038,Rays,CF,3,73,215,0.9559375361460692
Roberto Osuna,13764,Blue Jays,P,3,74,215,0.9559375361460692
Patrick Corbin,9323,Diamondbacks,P,3,75,210,0.9559375361460692
Todd Frazier,785,- - -,3B,3,75,220,0.9559375361460692
Jean Segura,5933,Mariners,SS,2.9,70,205,0.893785705203436
Ervin Santana,3200,Twins,P,2.9,74,175,0.893785705203436
Yasiel Puig,14225,Dodgers,RF,2.9,74,240,0.893785705203436
Matt Carpenter,8090,Cardinals,1B,2.9,75,205,0.893785705203436
J.A. Happ,7410,Blue Jays,P,2.9,77,205,0.893785705203436
Jameson Taillon,11674,Pirates,P,2.9,77,225,0.893785705203436
Joey Gallo,14128,Rangers,1B/3B,2.9,77,235,0.893785705203436
Sonny Gray,12768,- - -,P,2.8,70,190,0.8316338742608027
Odubel Herrera,11476,Phillies,CF,2.8,71,205,0.8316338742608027
Zach Davies,13183,Brewers,P,2.8,72,155,0.8316338742608027
Jose Berrios,14168,Twins,P,2.8,72,185,0.8316338742608027
Manny Machado,11493,Orioles,3B,2.8,75,185,0.8316338742608027
Corey Knebel,15010,Brewers,P,2.8,76,220,0.8316338742608027
Welington Castillo,3256,Orioles,C,2.7,70,220,0.7694820433181696
Kurt Suzuki,8259,Braves,C,2.7,71,205,0.7694820433181696
Matt Chapman,16505,Athletics,3B,2.7,72,210,0.7694820433181696
Dylan Bundy,12917,Orioles,P,2.7,73,200,0.7694820433181696
Masahiro Tanaka,15764,Yankees,P,2.7,75,215,0.7694820433181696
Jay Bruce,9892,- - -,RF,2.7,75,225,0.7694820433181696
Jon Lester,4930,Cubs,P,2.7,76,240,0.7694820433181696
Dexter Fowler,4062,Cardinals,CF,2.7,77,195,0.7694820433181696
Jordan Montgomery,16511,Yankees,P,2.7,78,225,0.7694820433181696
Josh Harrison,8202,Pirates,2B/3B,2.6,68,180,0.7073302123755364
Marco Estrada,1118,Blue Jays,P,2.6,72,180,0.7073302123755364
Corey Dickerson,10762,Rays,LF/DH,2.6,73,200,0.7073302123755364
Rich Hill,4806,Dodgers,P,2.6,77,220,0.7073302123755364
Austin Barnes,12158,Dodgers,C/2B,2.5,70,190,0.6451783814329031
Jedd Gyorko,10816,Cardinals,3B,2.5,70,215,0.6451783814329031
Alex Avila,7476,- - -,C,2.5,71,210,0.6451783814329031
Eddie Rosario,12155,Twins,LF,2.5,73,180,0.6451783814329031
Edwin Encarnacion,2151,Indians,DH,2.5,73,230,0.6451783814329031
Yasmani Grandal,11368,Dodgers,C,2.5,73,235,0.6451783814329031
Evan Longoria,9368,Rays,3B,2.5,74,210,0.6451783814329031
Mitch Haniger,14274,Mariners,RF,2.5,74,215,0.6451783814329031
Kevin Gausman,14107,Orioles,P,2.5,75,190,0.6451783814329031
Kyle Hendricks,12049,Cubs,P,2.5,75,190,0.6451783814329031
Dallas Keuchel,9434,Astros,P,2.5,75,205,0.6451783814329031
Jake Lamb,13329,Diamondbacks,3B,2.5,75,215,0.6451783814329031
Pat Neshek,4682,- - -,P,2.5,75,220,0.6451783814329031
Taijuan Walker,11836,Diamondbacks,P,2.5,76,235,0.6451783814329031
Tyler Flowers,9134,Braves,C,2.5,76,260,0.6451783814329031
Scooter Gennett,10339,Reds,2B,2.4,70,185,0.5830265504902697
Ian Kinsler,6195,Tigers,2B,2.4,72,200,0.5830265504902697
German Marquez,15038,Rockies,P,2.4,73,185,0.5830265504902697
Yonder Alonso,2530,- - -,1B,2.4,73,230,0.5830265504902697
Matt Joyce,3353,Athletics,RF,2.4,74,205,0.5830265504902697
Tanner Roark,8753,Nationals,P,2.4,74,235,0.5830265504902697
Alex Cobb,6562,Rays,P,2.4,75,205,0.5830265504902697
Chad Green,15552,Yankees,P,2.4,75,210,0.5830265504902697
Jake Arrieta,4153,Cubs,P,2.4,76,225,0.5830265504902697
Brandon McCarthy,4662,Dodgers,P,2.4,79,235,0.5830265504902697
Delino DeShields,11379,Rangers,CF/LF,2.3,69,200,0.5208747195476364
Khris Davis,9112,Athletics,LF,2.3,70,195,0.5208747195476364
Jackie Bradley Jr.,12984,Red Sox,CF,2.3,70,200,0.5208747195476364
Robinson Chirinos,3142,Rangers,C,2.3,73,210,0.5208747195476364
Jhoulys Chacin,2608,Padres,P,2.3,75,215,0.5208747195476364
Carlos Gomez,4881,Rangers,CF,2.3,75,220,0.5208747195476364
Miguel Sano,12164,Twins,3B,2.3,76,260,0.5208747195476364
Brandon Belt,10264,Giants,1B,2.3,77,220,0.5208747195476364
Joe Mauer,1857,Twins,1B,2.3,77,225,0.5208747195476364
Clayton Richard,3551,Padres,P,2.3,77,240,0.5208747195476364
Sean Manaea,15873,Athletics,P,2.3,77,245,0.5208747195476364
Andrew Miller,6785,Indians,P,2.3,79,205,0.5208747195476364
Andrew Benintendi,17901,Red Sox,LF,2.2,70,170,0.45872288860500343
Kole Calhoun,11200,Angels,RF,2.2,70,205,0.45872288860500343
Javier Baez,12979,Cubs,2B/SS,2.2,72,190,0.45872288860500343
Eduardo Nunez,6848,- - -,3B,2.2,72,195,0.45872288860500343
Danny Salazar,5867,Indians,P,2.2,72,195,0.45872288860500343
Mike Moustakas,4892,Royals,3B,2.2,72,215,0.45872288860500343
Chris Iannetta,8267,Diamondbacks,C,2.2,72,230,0.45872288860500343
Josh Tomlin,9388,Indians,P,2.2,73,190,0.45872288860500343
Yusmeiro Petit,4020,Angels,P,2.2,73,255,0.45872288860500343
Trevor Williams,16977,Pirates,P,2.2,75,230,0.45872288860500343
Justin Bour,9744,Marlins,1B,2.2,75,265,0.45872288860500343
Mike Clevinger,12808,Indians,P,2.2,76,210,0.45872288860500343
Anthony Swarzak,7466,- - -,P,2.2,76,215,0.45872288860500343
Rhys Hoskins,16472,Phillies,1B/LF,2.2,76,225,0.45872288860500343
Kolten Wong,12532,Cardinals,2B,2.1,69,185,0.39657105766237016
Jarrod Dyson,4866,Mariners,CF,2.1,70,165,0.39657105766237016
Yolmer Sanchez,11602,White Sox,2B/3B,2.1,71,185,0.39657105766237016
Yadier Molina,7007,Cardinals,C,2.1,71,205,0.39657105766237016
Eric Thames,3711,Brewers,1B,2.1,72,210,0.39657105766237016
Jose Pirela,5485,Padres,LF,2.1,72,220,0.39657105766237016
A.J. Pollock,9256,Diamondbacks,CF,2.1,73,195,0.39657105766237016
Curtis Granderson,4747,- - -,RF/CF,2.1,73,200,0.39657105766237016
Tommy Kahnle,11384,- - -,P,2.1,73,235,0.39657105766237016
Felipe Rivero,12076,Pirates,P,2.1,74,210,0.39657105766237016
Jaime Garcia,8137,- - -,P,2.1,74,215,0.39657105766237016
Eduardo Rodriguez,13164,Red Sox,P,2.1,74,220,0.39657105766237016
Neil Walker,7539,- - -,2B,2.1,75,210,0.39657105766237016
Salvador Perez,7304,Royals,C,2.1,75,240,0.39657105766237016
Mike Minor,10021,Royals,P,2.1,76,210,0.39657105766237016
Archie Bradley,12918,Diamondbacks,P,2.1,76,225,0.39657105766237016
Jason Hammel,4538,Royals,P,2.1,78,225,0.39657105766237016
Tucker Barnhart,10200,Reds,C,2,71,190,0.33441922671973684
Jose Reyes,1736,Mets,SS,2,72,195,0.33441922671973684
Manny Pina,2829,Brewers,C,2,72,215,0.33441922671973684
Kenta Maeda,18498,Dodgers,P,2,73,175,0.33441922671973684
Joe Panik,11936,Giants,2B,2,73,190,0.33441922671973684
Brandon Crawford,5343,Giants,SS,2,74,215,0.33441922671973684
Dan Straily,9460,Marlins,P,2,74,220,0.33441922671973684
Kyle Freeland,16256,Rockies,P,2,75,170,0.33441922671973684
Rick Porcello,2717,Red Sox,P,2,77,205,0.33441922671973684
Matt Olson,14344,Athletics,1B,2,77,230,0.33441922671973684
Ozzie Albies,16556,Braves,2B,1.9,69,160,0.2722673957771035
Dustin Pedroia,8370,Red Sox,2B,1.9,69,175,0.2722673957771035
Manuel Margot,14712,Padres,CF,1.9,71,180,0.2722673957771035
David Robertson,8241,- - -,P,1.9,71,195,0.2722673957771035
Martin Perez,6902,Rangers,P,1.9,72,200,0.2722673957771035
Kevin Pillar,12434,Blue Jays,CF,1.9,72,205,0.2722673957771035
Ken Giles,12910,Astros,P,1.9,74,205,0.2722673957771035
Chase Headley,4720,Yankees,1B/3B,1.9,74,215,0.2722673957771035
Starlin Castro,4579,Yankees,2B,1.9,74,230,0.2722673957771035
Matt Boyd,15440,Tigers,P,1.9,75,215,0.2722673957771035
Chad Kuhl,14975,Pirates,P,1.9,75,216,0.2722673957771035
Blake Snell,13543,Rays,P,1.9,76,180,0.2722673957771035
Jerad Eickhoff,12664,Phillies,P,1.9,76,245,0.2722673957771035
Ivan Nova,1994,Pirates,P,1.9,77,245,0.2722673957771035
Ryan Madson,1852,- - -,P,1.9,78,225,0.2722673957771035
Andrew Cashner,8782,Rangers,P,1.9,78,235,0.2722673957771035
CC Sabathia,404,Yankees,P,1.9,78,300,0.2722673957771035
Russell Martin,4616,Blue Jays,C,1.8,70,205,0.2101155648344704
Nick Vincent,7555,Mariners,P,1.8,72,185,0.2101155648344704
Yulieski Gurriel,19198,Astros,1B,1.8,72,190,0.2101155648344704
Ian Happ,17919,Cubs,2B/CF,1.8,72,205,0.2101155648344704
Austin Jackson,9848,Indians,CF/LF,1.8,73,205,0.2101155648344704
David Peralta,2136,Diamondbacks,RF/LF,1.8,73,210,0.2101155648344704
Adam Duvall,10950,Reds,LF,1.8,73,215,0.2101155648344704
Raisel Iglesias,17130,Reds,P,1.8,74,188,0.2101155648344704
Joe Smith,3281,- - -,P,1.8,74,205,0.2101155648344704
Yan Gomes,9627,Indians,C,1.8,74,215,0.2101155648344704
Trey Mancini,15149,Orioles,1B/LF,1.8,76,215,0.2101155648344704
DJ LeMahieu,9874,Rockies,2B,1.8,76,215,0.2101155648344704
Mike Foltynewicz,10811,Braves,P,1.8,76,220,0.2101155648344704
Marcus Semien,12533,Athletics,SS,1.7,72,195,0.1479637338918371
Logan Forsythe,7185,Dodgers,2B/3B,1.7,73,205,0.1479637338918371
Luis Castillo,15689,Reds,P,1.7,74,190,0.1479637338918371
Sean Doolittle,1581,- - -,P,1.7,74,210,0.1479637338918371
Adam Jones,6368,Orioles,CF,1.7,74,215,0.1479637338918371
Joakim Soria,6941,Royals,P,1.7,75,200,0.1479637338918371
Brad Hand,9111,Padres,P,1.7,75,228,0.1479637338918371
Nick Castellanos,11737,Tigers,3B,1.7,76,210,0.1479637338918371
Seth Lugo,12447,Mets,P,1.7,76,225,0.1479637338918371
Madison Bumgarner,5524,Giants,P,1.7,77,250,0.1479637338918371
Christian Vazquez,9774,Red Sox,C,1.6,69,195,0.08581190294920392
Eduardo Escobar,6153,Twins,3B,1.6,70,185,0.08581190294920392
Freddy Galvis,6609,Phillies,SS,1.6,70,185,0.08581190294920392
Yoenis Cespedes,13110,Mets,LF,1.6,70,220,0.08581190294920392
Jose Iglesias,10231,Tigers,SS,1.6,71,185,0.08581190294920392
Ben Gamel,12160,Mariners,RF/LF,1.6,71,185,0.08581190294920392
Jon Jay,5227,Cubs,CF/LF,1.6,71,195,0.08581190294920392
Jorge Polanco,13152,Twins,SS,1.6,71,200,0.08581190294920392
Howie Kendrick,4229,- - -,LF,1.6,71,220,0.08581190294920392
Brandon Phillips,791,- - -,2B,1.6,72,211,0.08581190294920392
Jason Vargas,8044,Royals,P,1.6,72,215,0.08581190294920392
Jacoby Ellsbury,4727,Yankees,CF,1.6,73,195,0.08581190294920392
Mikie Mahtook,13130,Tigers,CF,1.6,73,200,0.08581190294920392
Bryan Shaw,8110,Indians,P,1.6,73,220,0.08581190294920392
Luis Perdomo,14682,Padres,P,1.6,74,185,0.08581190294920392
Michael Brantley,4106,Indians,LF,1.6,74,200,0.08581190294920392
David Freese,9549,Pirates,3B,1.6,74,220,0.08581190294920392
Alex Claudio,12890,Rangers,P,1.6,75,180,0.08581190294920392
R.A. Dickey,1245,Braves,P,1.6,75,215,0.08581190294920392
Jason Castro,8722,Twins,C,1.6,75,215,0.08581190294920392
Blake Parker,5224,Angels,P,1.6,75,225,0.08581190294920392
Brian McCann,4810,Astros,C,1.6,75,225,0.08581190294920392
Matt Adams,9393,- - -,1B,1.6,75,260,0.08581190294920392
Aroldis Chapman,10233,Yankees,P,1.6,76,215,0.08581190294920392
Brent Suter,13942,Brewers,P,1.6,77,195,0.08581190294920392
Bradley Zimmer,16221,Indians,CF,1.6,77,220,0.08581190294920392
Jose Martinez,7996,Cardinals,1B/LF,1.6,78,215,0.08581190294920392
Dominic Leone,13763,Blue Jays,P,1.5,71,210,0.02366007200657062
Omar Narvaez,13338,White Sox,C,1.5,71,215,0.02366007200657062
Derek Dietrich,10542,Marlins,3B,1.5,72,205,0.02366007200657062
Kyle Schwarber,16478,Cubs,LF,1.5,72,235,0.02366007200657062
Cody Allen,12183,Indians,P,1.5,73,210,0.02366007200657062
Juan Lagares,5384,Mets,CF,1.5,73,215,0.02366007200657062
Ryan Braun,3410,Brewers,LF,1.5,74,205,0.02366007200657062
James McCann,12859,Tigers,C,1.5,74,210,0.02366007200657062
Jake McGee,7550,Rockies,P,1.5,75,230,0.02366007200657062
Cole Hamels,4972,Rangers,P,1.5,76,205,0.02366007200657062
David Price,3184,Red Sox,P,1.5,77,215,0.02366007200657062
Adam Wainwright,2233,Cardinals,P,1.5,79,235,0.02366007200657062
Miguel Rojas,7802,Marlins,SS,1.4,71,195,-0.03849175893606268
Fernando Rodney,494,Diamondbacks,P,1.4,71,230,-0.03849175893606268
Addison Russell,14106,Cubs,SS,1.4,72,200,-0.03849175893606268
Scott Schebler,12225,Reds,RF,1.4,72,225,-0.03849175893606268
Miguel Gonzalez,7024,- - -,P,1.4,73,170,-0.03849175893606268
Antonio Senzatela,15488,Rockies,P,1.4,73,180,-0.03849175893606268
Randal Grichuk,10243,Cardinals,RF/LF,1.4,73,205,-0.03849175893606268
Luke Weaver,16918,Cardinals,P,1.4,74,170,-0.03849175893606268
Lonnie Chisenhall,7571,Indians,RF,1.4,74,190,-0.03849175893606268
Chris Devenski,12763,Astros,P,1.4,75,210,-0.03849175893606268
Jordy Mercer,6547,Pirates,SS,1.4,75,210,-0.03849175893606268
Jake Marisnick,11339,Astros,CF,1.4,76,220,-0.03849175893606268
Juan Nicasio,7731,- - -,P,1.4,76,252,-0.03849175893606268
Joe Biagini,13194,Blue Jays,P,1.4,77,240,-0.03849175893606268
Lance Lynn,2520,Cardinals,P,1.4,77,280,-0.03849175893606268
Doug Fister,9425,Red Sox,P,1.4,80,210,-0.03849175893606268
Enrique Hernandez,10472,Dodgers,CF,1.3,71,200,-0.10064358987869584
Rafael Montero,12760,Mets,P,1.3,72,185,-0.10064358987869584
Adeiny Hechavarria,10459,- - -,SS,1.3,72,195,-0.10064358987869584
Asdrubal Cabrera,4962,Mets,2B/3B/SS,1.3,72,205,-0.10064358987869584
Chase Utley,1679,Dodgers,2B,1.3,73,195,-0.10064358987869584
Trevor Story,12564,Rockies,SS,1.3,73,210,-0.10064358987869584
Daniel Norris,13475,Tigers,P,1.3,74,195,-0.10064358987869584
Dinelson Lamet,17186,Padres,P,1.3,76,187,-0.10064358987869584
Jesse Hahn,13287,Athletics,P,1.3,76,215,-0.10064358987869584
Jake Faria,13699,Rays,P,1.3,76,235,-0.10064358987869584
Aaron Altherr,11270,Phillies,RF/LF,1.3,77,215,-0.10064358987869584
Mike Montgomery,4869,Cubs,P,1.3,77,215,-0.10064358987869584
Blake Treinen,12572,- - -,P,1.3,77,225,-0.10064358987869584
Sean Newcomb,16943,Braves,P,1.3,77,255,-0.10064358987869584
Sal Romano,13690,Reds,P,1.3,77,270,-0.10064358987869584
Johnny Cueto,6893,Giants,P,1.2,71,220,-0.16279542082132914
Johan Camargo,14950,Braves,3B/SS,1.2,72,160,-0.16279542082132914
Edubray Ramos,16086,Phillies,P,1.2,72,160,-0.16279542082132914
Billy Hamilton,10199,Reds,CF,1.2,72,160,-0.16279542082132914
Orlando Arcia,13185,Brewers,SS,1.2,72,165,-0.16279542082132914
Jonathan Lucroy,7870,- - -,C,1.2,72,200,-0.16279542082132914
Denard Span,8347,Giants,CF,1.2,72,210,-0.16279542082132914
Mychal Givens,10430,Orioles,P,1.2,72,210,-0.16279542082132914
Starling Marte,9241,Pirates,CF/LF,1.2,73,190,-0.16279542082132914
Alex Colome,6661,Rays,P,1.2,73,220,-0.16279542082132914
Adam Warren,9029,Yankees,P,1.2,73,225,-0.16279542082132914
Albert Almora Jr.,14109,Cubs,CF,1.2,74,190,-0.16279542082132914
Ty Blach,14361,Giants,P,1.2,74,200,-0.16279542082132914
Kendall Graveman,15514,Athletics,P,1.2,74,200,-0.16279542082132914
Brandon Drury,11615,Diamondbacks,2B,1.2,74,210,-0.16279542082132914
Chris Gimenez,7324,Twins,C,1.2,74,230,-0.16279542082132914
Cameron Maybin,5223,- - -,CF/LF,1.2,75,215,-0.16279542082132914
Luis Garcia,6984,Phillies,P,1.2,75,230,-0.16279542082132914
Tommy Hunter,1157,Rays,P,1.2,75,250,-0.16279542082132914
Max Kepler,12144,Twins,RF,1.2,76,205,-0.16279542082132914
Randall Delgado,5985,Diamondbacks,P,1.2,76,220,-0.16279542082132914
Dellin Betances,6216,Yankees,P,1.2,80,265,-0.16279542082132914
Leury Garcia,5913,White Sox,CF/LF,1.1,68,170,-0.2249472517639623
Eric Sogard,7927,Brewers,2B/SS,1.1,69,180,-0.2249472517639623
Adam Frazier,15223,Pirates,2B/LF,1.1,69,185,-0.2249472517639623
Greg Holland,7196,Rockies,P,1.1,70,205,-0.2249472517639623
Erasmo Ramirez,10314,- - -,P,1.1,70,215,-0.2249472517639623
Daniel Nava,5450,Phillies,LF,1.1,71,200,-0.2249472517639623
Yangervis Solarte,5352,Padres,2B,1.1,71,205,-0.2249472517639623
Tyler Chatwood,4338,Rockies,P,1.1,72,185,-0.2249472517639623
Cory Spangenberg,12294,Padres,3B,1.1,72,195,-0.2249472517639623
Martin Maldonado,6887,Angels,C,1.1,72,230,-0.2249472517639623
Scott Alexander,10591,Royals,P,1.1,74,190,-0.2249472517639623
Collin McHugh,7531,Astros,P,1.1,74,190,-0.2249472517639623
Chris Rusin,9895,Rockies,P,1.1,74,195,-0.2249472517639623
Julio Teheran,6797,Braves,P,1.1,74,205,-0.2249472517639623
Justin Wilson,4301,- - -,P,1.1,74,205,-0.2249472517639623
Hector Neris,11804,Phillies,P,1.1,74,215,-0.2249472517639623
Jordan Zimmermann,4505,Tigers,P,1.1,74,225,-0.2249472517639623
Brandon Nimmo,12927,Mets,LF,1.1,75,207,-0.2249472517639623
Brett Cecil,2660,Cardinals,P,1.1,75,235,-0.2249472517639623
David Hernandez,4259,- - -,P,1.1,75,245,-0.2249472517639623
Tyler Anderson,12880,Rockies,P,1.1,76,210,-0.2249472517639623
JC Ramirez,8302,Angels,P,1.1,76,250,-0.2249472517639623
Lucas Duda,2502,- - -,1B,1.1,76,255,-0.2249472517639623
Nick Pivetta,15454,Phillies,P,1.1,77,220,-0.2249472517639623
Wade Davis,7441,Cubs,P,1.1,77,225,-0.2249472517639623
Jeff Hoffman,17432,Rockies,P,1.1,77,225,-0.2249472517639623
Joe Musgrove,12970,Astros,P,1.1,77,265,-0.2249472517639623
Brad Brach,6627,Orioles,P,1.1,78,215,-0.2249472517639623
Kyle Gibson,10123,Twins,P,1.1,78,215,-0.2249472517639623
Michael Pineda,5372,Yankees,P,1.1,79,260,-0.2249472517639623
Rene Rivera,3648,- - -,C,1,70,215,-0.2870990827065956
Wilmer Difo,14320,Nationals,2B/SS,1,71,200,-0.2870990827065956
Liam Hendriks,3548,Athletics,P,1,72,200,-0.2870990827065956
Edinson Volquez,3990,Marlins,P,1,72,220,-0.2870990827065956
Pedro Strop,4070,Cubs,P,1,73,220,-0.2870990827065956
Ryan Tepera,10291,Blue Jays,P,1,74,195,-0.2870990827065956
Edwin Diaz,14710,Mariners,P,1,75,165,-0.2870990827065956
Adalberto Mejia,13188,Twins,P,1,75,195,-0.2870990827065956
Matt Moore,1890,Giants,P,1,75,210,-0.2870990827065956
Parker Bridwell,11502,Angels,P,1,76,185,-0.2870990827065956
Tyler Lyons,11334,Cardinals,P,1,76,210,-0.2870990827065956
Matt Barnes,12863,Red Sox,P,1,76,210,-0.2870990827065956
Matt Garza,3340,Brewers,P,1,76,220,-0.2870990827065956
Addison Reed,10586,- - -,P,1,76,230,-0.2870990827065956
Alex Meyer,12833,Angels,P,1,81,225,-0.2870990827065956
Brandon Kintzler,9939,- - -,P,0.9,72,190,-0.34925091364922883
Rafael Devers,17350,Red Sox,3B,0.9,72,195,-0.34925091364922883
Ketel Marte,13613,Diamondbacks,SS,0.9,73,165,-0.34925091364922883
Jorge Bonifacio,12174,Royals,RF,0.9,73,195,-0.34925091364922883
Francisco Cervelli,5275,Pirates,C,0.9,73,210,-0.34925091364922883
Nick Markakis,5930,Braves,RF,0.9,73,215,-0.34925091364922883
Adam Lind,8027,Nationals,1B/LF,0.9,74,195,-0.34925091364922883
Yoan Moncada,17232,White Sox,2B,0.9,74,205,-0.34925091364922883
Jakob Junis,13619,Royals,P,0.9,74,225,-0.34925091364922883
Mitch Moreland,3086,Red Sox,1B,0.9,74,230,-0.34925091364922883
Carl Edwards Jr.,13607,Cubs,P,0.9,75,170,-0.34925091364922883
Wil Myers,10047,Padres,1B,0.9,75,205,-0.34925091364922883
Wilmer Flores,5827,Mets,1B/3B,0.9,75,205,-0.34925091364922883
Jesus Aguilar,11342,Brewers,1B,0.9,75,250,-0.34925091364922883
Tyler Skaggs,10190,Angels,P,0.9,76,215,-0.34925091364922883
Evan Gattis,11003,Astros,C/DH,0.9,76,270,-0.34925091364922883
Jason Heyward,4940,Cubs,RF,0.9,77,240,-0.34925091364922883
Carlos Asuaje,15197,Padres,2B,0.8,69,158,-0.41140274459186205
Mallex Smith,13608,Rays,CF/LF,0.8,69,180,-0.41140274459186205
Luis Valbuena,4969,Angels,1B/3B,0.8,70,215,-0.41140274459186205
Shin-Soo Choo,3174,Rangers,RF/DH,0.8,71,210,-0.41140274459186205
Gerardo Parra,8553,Rockies,LF,0.8,71,210,-0.41140274459186205
Wade Miley,8779,Orioles,P,0.8,72,220,-0.41140274459186205
T.J. Rivera,12495,Mets,1B/3B,0.8,73,203,-0.41140274459186205
Matt Albers,4300,Nationals,P,0.8,73,225,-0.41140274459186205
Scott Oberg,13911,Rockies,P,0.8,74,205,-0.41140274459186205
Travis d'Arnaud,7739,Mets,C,0.8,74,210,-0.41140274459186205
Yunel Escobar,4191,Angels,3B,0.8,74,215,-0.41140274459186205
Mark Reynolds,7619,Rockies,1B,0.8,74,220,-0.41140274459186205
Francisco Liriano,3201,- - -,P,0.8,74,225,-0.41140274459186205
Josh Bell,13145,Pirates,1B,0.8,74,230,-0.41140274459186205
Cameron Rupp,11146,Phillies,C,0.8,74,260,-0.41140274459186205
Nick Williams,14330,Phillies,RF,0.8,75,195,-0.41140274459186205
Emilio Pagan,14771,Mariners,P,0.8,75,210,-0.41140274459186205
Brett Anderson,8223,- - -,P,0.8,75,230,-0.41140274459186205
Hyun-Jin Ryu,14444,Dodgers,P,0.8,75,250,-0.41140274459186205
Ben Lively,14932,Phillies,P,0.8,76,190,-0.41140274459186205
Darren O'Day,3321,Orioles,P,0.8,76,220,-0.41140274459186205
Hunter Strickland,7836,Giants,P,0.8,76,220,-0.41140274459186205
Sam Freeman,6832,Braves,P,0.7,71,180,-0.47355457553449537
Ezequiel Carrera,9048,Blue Jays,LF,0.7,71,185,-0.47355457553449537
Jason Kipnis,9776,Indians,2B,0.7,71,195,-0.47355457553449537
Nick Goody,13685,Indians,P,0.7,71,195,-0.47355457553449537
Matt Bowman,13528,Cardinals,P,0.7,72,175,-0.47355457553449537
Greg Garcia,10951,Cardinals,2B/3B,0.7,72,190,-0.47355457553449537
Brian Duensing,4064,Cubs,P,0.7,72,200,-0.47355457553449537
Odrisamer Despaigne,16017,Marlins,P,0.7,72,200,-0.47355457553449537
Arodys Vizcaino,5498,Braves,P,0.7,72,230,-0.47355457553449537
Joe Kelly,9761,Red Sox,P,0.7,73,190,-0.47355457553449537
Andrew Knapp,14942,Phillies,C,0.7,73,195,-0.47355457553449537
Jacob Barnes,12323,Brewers,P,0.7,74,220,-0.47355457553449537
Andrew Chafin,12988,Diamondbacks,P,0.7,74,225,-0.47355457553449537
Ricky Nolasco,3830,Angels,P,0.7,74,235,-0.47355457553449537
Keon Broxton,9253,Brewers,CF,0.7,75,195,-0.47355457553449537
Ross Stripling,13273,Dodgers,P,0.7,75,210,-0.47355457553449537
Tyler Duffey,13758,Twins,P,0.7,75,220,-0.47355457553449537
Robert Gsellman,13696,Mets,P,0.7,76,205,-0.47355457553449537
Hunter Pence,8252,Giants,RF,0.7,76,220,-0.47355457553449537
Chase Whitley,10982,Rays,P,0.7,76,220,-0.47355457553449537
Andrew Triggs,13533,Athletics,P,0.7,76,220,-0.47355457553449537
Homer Bailey,8362,Reds,P,0.7,76,225,-0.47355457553449537
Blake Wood,1345,- - -,P,0.7,77,233,-0.47355457553449537
Scott Feldman,6283,Reds,P,0.7,78,225,-0.47355457553449537
Ronald Torreyes,11400,Yankees,2B/SS,0.6,68,151,-0.5357064064771286
Matt Bush,1246,Rangers,P,0.6,69,180,-0.5357064064771286
Austin Pruitt,15290,Rays,P,0.6,70,180,-0.5357064064771286
Aaron Loup,10343,Blue Jays,P,0.6,71,210,-0.5357064064771286
Bartolo Colon,375,- - -,P,0.6,71,285,-0.5357064064771286
Bud Norris,9492,Angels,P,0.6,72,215,-0.5357064064771286
Paul Blackburn,14739,Athletics,P,0.6,73,195,-0.5357064064771286
Austin Hedges,12976,Padres,C,0.6,73,206,-0.5357064064771286
Hernan Perez,5751,Brewers,LF,0.6,73,215,-0.5357064064771286
Joc Pederson,11899,Dodgers,CF,0.6,73,220,-0.5357064064771286
Eddie Butler,13453,Cubs,P,0.6,74,180,-0.5357064064771286
David Phelps,6316,- - -,P,0.6,74,200,-0.5357064064771286
Gregory Infante,9119,White Sox,P,0.6,74,215,-0.5357064064771286
Chris Stratton,13761,Giants,P,0.6,75,190,-0.5357064064771286
Paul Sewald,13892,Mets,P,0.6,75,205,-0.5357064064771286
Michael Lorenzen,14843,Reds,P,0.6,75,215,-0.5357064064771286
Kyle Barraclough,13713,Marlins,P,0.6,75,225,-0.5357064064771286
Matt Belisle,1837,Twins,P,0.6,75,230,-0.5357064064771286
Carlos Rodon,16137,White Sox,P,0.6,75,235,-0.5357064064771286
Shane Greene,10756,Tigers,P,0.6,76,210,-0.5357064064771286
Oliver Drake,8823,- - -,P,0.6,76,215,-0.5357064064771286
Brandon Maurer,4878,- - -,P,0.6,77,230,-0.5357064064771286
Alex Presley,5305,Tigers,RF/CF,0.5,70,195,-0.5978582374197619
Gregor Blanco,3123,Diamondbacks,CF/LF,0.5,71,175,-0.5978582374197619
Roberto Perez,2900,Indians,C,0.5,71,220,-0.5978582374197619
Brian Goodwin,12858,Nationals,CF/LF,0.5,72,205,-0.5978582374197619
Anibal Sanchez,3284,Tigers,P,0.5,72,205,-0.5978582374197619
Robbie Grossman,5254,Twins,RF/DH,0.5,72,215,-0.5978582374197619
Alcides Escobar,6310,Royals,SS,0.5,73,185,-0.5978582374197619
Matt Andriese,12022,Rays,P,0.5,74,225,-0.5978582374197619
Seth Smith,7331,Orioles,RF,0.5,75,210,-0.5978582374197619
George Kontos,9486,- - -,P,0.5,75,215,-0.5978582374197619
Heath Hembree,11632,Red Sox,P,0.5,76,210,-0.5978582374197619
C.J. Cron,12546,Angels,1B,0.5,76,235,-0.5978582374197619
Gregory Polanco,12907,Pirates,RF,0.5,77,235,-0.5978582374197619
John Lackey,1507,Cubs,P,0.5,78,235,-0.5978582374197619
Jared Hughes,9325,Brewers,P,0.5,79,240,-0.5978582374197619
Nori Aoki,13075,- - -,RF/LF,0.4,69,180,-0.6600100683623951
Chris Owings,10030,Diamondbacks,SS,0.4,70,185,-0.6600100683623951
A.J. Ramos,8350,- - -,P,0.4,70,200,-0.6600100683623951
Kirby Yates,9073,- - -,P,0.4,70,210,-0.6600100683623951
Cliff Pennington,3395,Angels,2B,0.4,71,195,-0.6600100683623951
Matt Szczur,11255,- - -,LF,0.4,72,200,-0.6600100683623951
Alex Wilson,9239,Tigers,P,0.4,72,215,-0.6600100683623951
Wandy Peralta,14295,Reds,P,0.4,72,220,-0.6600100683623951
Tony Barnette,3555,Rangers,P,0.4,73,190,-0.6600100683623951
Gorkys Hernandez,4146,Giants,CF/LF,0.4,73,190,-0.6600100683623951
Nick Hundley,3376,Giants,C,0.4,73,205,-0.6600100683623951
Bruce Maxwell,13866,Athletics,C,0.4,73,250,-0.6600100683623951
Wilson Ramos,1433,Rays,C,0.4,73,255,-0.6600100683623951
Robert Stephenson,13594,Reds,P,0.4,74,200,-0.6600100683623951
Steven Matz,13361,Mets,P,0.4,74,200,-0.6600100683623951
Fernando Salas,4971,- - -,P,0.4,74,200,-0.6600100683623951
Taylor Rogers,13449,Twins,P,0.4,75,170,-0.6600100683623951
Caleb Joseph,7087,Orioles,C,0.4,75,180,-0.6600100683623951
Dan Otero,7385,Indians,P,0.4,75,205,-0.6600100683623951
Felix Hernandez,4772,Mariners,P,0.4,75,225,-0.6600100683623951
Zack Wheeler,10310,Mets,P,0.4,76,195,-0.6600100683623951
Nomar Mazara,14553,Rangers,RF/LF,0.4,76,215,-0.6600100683623951
Joe Ross,12972,Nationals,P,0.4,76,225,-0.6600100683623951
Kennys Vargas,12101,Twins,1B/DH,0.4,77,290,-0.6600100683623951
Zach McAllister,2895,Indians,P,0.4,78,240,-0.6600100683623951
Sandy Leon,5273,Red Sox,C,0.3,70,225,-0.7221618993050283
Sergio Romo,9817,- - -,P,0.3,71,185,-0.7221618993050283
Josh Fields,5070,Dodgers,P,0.3,72,195,-0.7221618993050283
Joey Rickard,13277,Orioles,RF/LF,0.3,73,185,-0.7221618993050283
Adam Morgan,12580,Phillies,P,0.3,73,200,-0.7221618993050283
Hunter Renfroe,15464,Padres,RF,0.3,73,220,-0.7221618993050283
Francis Martes,17303,Astros,P,0.3,73,225,-0.7221618993050283
Jesse Chavez,5448,Angels,P,0.3,74,175,-0.7221618993050283
Chad Pinder,15191,Athletics,RF,0.3,74,195,-0.7221618993050283
John Jaso,5887,Pirates,1B/RF,0.3,74,202,-0.7221618993050283
Peter Moylan,4891,Royals,P,0.3,74,225,-0.7221618993050283
Matt Shoemaker,4776,Angels,P,0.3,74,225,-0.7221618993050283
James Pazos,13323,Mariners,P,0.3,74,235,-0.7221618993050283
Kelby Tomlinson,13005,Giants,2B/3B,0.3,75,180,-0.7221618993050283
Cory Gearrin,7947,Giants,P,0.3,75,200,-0.7221618993050283
Ben Zobrist,7435,Cubs,2B,0.3,75,210,-0.7221618993050283
Enny Romero,4001,Nationals,P,0.3,75,215,-0.7221618993050283
Jarlin Garcia,18282,Marlins,P,0.3,75,215,-0.7221618993050283
Hector Rondon,2391,Cubs,P,0.3,75,230,-0.7221618993050283
Matt Cain,4732,Giants,P,0.3,75,230,-0.7221618993050283
Matt Grace,11449,Nationals,P,0.3,76,215,-0.7221618993050283
Trevor Cahill,6249,- - -,P,0.3,76,240,-0.7221618993050283
Daniel Coulombe,13293,Athletics,P,0.2,70,190,-0.7843137302476616
Mark Leiter,15551,Phillies,P,0.2,72,195,-0.7843137302476616
Mike Dunn,9948,Rockies,P,0.2,72,215,-0.7843137302476616
Pedro Baez,5420,Dodgers,P,0.2,72,230,-0.7843137302476616
Tim Anderson,15172,White Sox,SS,0.2,73,185,-0.7843137302476616
Jeremy Hellickson,4371,- - -,P,0.2,73,190,-0.7843137302476616
Danny Barnes,11388,Blue Jays,P,0.2,73,195,-0.7843137302476616
Aledmys Diaz,15937,Cardinals,SS,0.2,73,195,-0.7843137302476616
Chris Hatcher,3299,- - -,P,0.2,73,200,-0.7843137302476616
Keynan Middleton,15264,Angels,P,0.2,74,185,-0.7843137302476616
Jose Urena,11589,Marlins,P,0.2,74,200,-0.7843137302476616
Luke Sims,13470,Braves,P,0.2,74,220,-0.7843137302476616
Tyler Clippard,5640,- - -,P,0.2,75,200,-0.7843137302476616
Stephen Piscotty,13367,Cardinals,RF,0.2,75,210,-0.7843137302476616
Richard Bleier,7803,Orioles,P,0.2,75,215,-0.7843137302476616
T.J. McFarland,3237,Diamondbacks,P,0.2,75,220,-0.7843137302476616
Chris Davis,9272,Orioles,1B,0.2,75,230,-0.7843137302476616
Kevan Smith,12284,White Sox,C,0.2,76,230,-0.7843137302476616
Alec Asher,13560,Orioles,P,0.2,76,230,-0.7843137302476616
Asher Wojciechowski,10836,Reds,P,0.2,76,235,-0.7843137302476616
Joaquin Benoit,1437,- - -,P,0.2,76,250,-0.7843137302476616
Ryon Healy,15447,Athletics,1B/DH,0.2,77,225,-0.7843137302476616
Jim Johnson,3656,Braves,P,0.2,78,250,-0.7843137302476616
Daniel Descalso,8392,Diamondbacks,2B/LF,0.1,70,190,-0.8464655611902947
Kelvin Herrera,6033,Royals,P,0.1,70,200,-0.8464655611902947
Seung Hwan Oh,18719,Cardinals,P,0.1,70,205,-0.8464655611902947
Daniel Robertson,14145,Rays,2B/SS,0.1,71,200,-0.8464655611902947
Santiago Casilla,2873,Athletics,P,0.1,72,210,-0.8464655611902947
Peter Bourjos,2578,Rays,CF/LF,0.1,73,175,-0.8464655611902947
John Brebbia,12777,Cardinals,P,0.1,73,185,-0.8464655611902947
Dansby Swanson,18314,Braves,SS,0.1,73,190,-0.8464655611902947
Jake Odorizzi,6397,Rays,P,0.1,74,190,-0.8464655611902947
Ariel Miranda,17526,Mariners,P,0.1,74,190,-0.8464655611902947
Mike Fiers,7754,Astros,P,0.1,74,200,-0.8464655611902947
Luke Jackson,11752,Braves,P,0.1,74,210,-0.8464655611902947
Vance Worley,6435,Marlins,P,0.1,74,250,-0.8464655611902947
Vince Velasquez,11189,Phillies,P,0.1,75,205,-0.8464655611902947
Wade LeBlanc,5221,Pirates,P,0.1,75,205,-0.8464655611902947
Ryan Pressly,7005,Twins,P,0.1,75,210,-0.8464655611902947
Daniel Hudson,7146,Pirates,P,0.1,75,225,-0.8464655611902947
Tony Watson,3132,- - -,P,0.1,76,225,-0.8464655611902947
Ryan Buchter,9456,- - -,P,0.1,76,258,-0.8464655611902947
Ubaldo Jimenez,3374,Orioles,P,0.1,77,210,-0.8464655611902947
A.J. Cole,11467,Nationals,P,0.1,77,215,-0.8464655611902947
Phil Hughes,7450,Twins,P,0.1,77,240,-0.8464655611902947
Ben Revere,4712,Angels,LF,0,69,175,-0.908617392132928
Guillermo Heredia,18721,Mariners,CF/LF,0,70,180,-0.908617392132928
Rajai Davis,3708,- - -,CF,0,70,195,-0.908617392132928
Melky Cabrera,4022,- - -,RF/LF,0,70,210,-0.908617392132928
Jharel Cotton,13654,Athletics,P,0,71,195,-0.908617392132928
Steve Pearce,9957,Blue Jays,LF,0,71,200,-0.908617392132928
Andrew Moore,17553,Mariners,P,0,72,185,-0.908617392132928
J.T. Riddle,17642,Marlins,SS,0,73,180,-0.908617392132928
Nick Martinez,12730,Rangers,P,0,73,200,-0.908617392132928
Jorge de la Rosa,2047,Diamondbacks,P,0,73,215,-0.908617392132928
Alex Gordon,5209,Royals,LF,0,73,220,-0.908617392132928
Wily Peralta,7738,Brewers,P,0,73,255,-0.908617392132928
Jose Torres,14957,Padres,P,0,74,175,-0.908617392132928
Yovani Gallardo,8173,Mariners,P,0,74,205,-0.908617392132928
Troy Tulowitzki,3531,Blue Jays,SS,0,75,205,-0.908617392132928
Luke Gregerson,4090,Astros,P,0,75,205,-0.908617392132928
Craig Stammen,7274,Padres,P,0,76,230,-0.908617392132928
Tony Wolters,11470,Rockies,C,-0.1,70,200,-0.9707692230755613
Jhan Marinez,5830,- - -,P,-0.1,73,200,-0.9707692230755613
Daniel Gossett,16164,Athletics,P,-0.1,74,185,-0.9707692230755613
Brad Miller,12775,Rays,2B,-0.1,74,215,-0.9707692230755613
Adam Conley,14457,Marlins,P,-0.1,75,200,-0.9707692230755613
Dan Jennings,8073,- - -,P,-0.1,75,210,-0.9707692230755613
Matt Holliday,1873,Yankees,DH,-0.1,76,240,-0.9707692230755613
Adam Ottavino,1247,Rockies,P,-0.1,77,220,-0.9707692230755613
A.J. Griffin,11132,Rangers,P,-0.1,77,230,-0.9707692230755613
Miguel Castro,15684,Orioles,P,-0.1,79,205,-0.9707692230755613
Erick Aybar,4082,Padres,SS,-0.2,70,195,-1.0329210540181946
Ichiro Suzuki,1101,Marlins,RF/CF/LF,-0.2,71,175,-1.0329210540181946
Jose Peraza,13593,Reds,2B/SS,-0.2,72,196,-1.0329210540181946
Ian Kennedy,6986,Royals,P,-0.2,72,200,-1.0329210540181946
Jeff Mathis,3448,Diamondbacks,C,-0.2,72,205,-1.0329210540181946
Hector Santiago,4026,Twins,P,-0.2,72,215,-1.0329210540181946
Carlos Torres,7624,Brewers,P,-0.2,73,180,-1.0329210540181946
Drew Storen,6983,Reds,P,-0.2,73,195,-1.0329210540181946
Christian Bergman,10925,Mariners,P,-0.2,73,195,-1.0329210540181946
Carlos Gonzalez,7287,Rockies,RF,-0.2,73,220,-1.0329210540181946
Sam Gaviglio,12778,- - -,P,-0.2,74,195,-1.0329210540181946
Chris Young,3882,Red Sox,LF/DH,-0.2,74,200,-1.0329210540181946
Tyler Moore,7244,Marlins,1B,-0.2,74,220,-1.0329210540181946
Patrick Kivlehan,13910,Reds,RF,-0.2,74,223,-1.0329210540181946
Josh Smoker,10285,Mets,P,-0.2,74,250,-1.0329210540181946
James Shields,7059,White Sox,P,-0.2,75,215,-1.0329210540181946
Miguel Cabrera,1744,Tigers,1B,-0.2,76,240,-1.0329210540181946
Matt Wieters,4298,Nationals,C,-0.2,77,230,-1.0329210540181946
Zach Eflin,13774,Phillies,P,-0.2,78,215,-1.0329210540181946
Ryan Goins,9807,Blue Jays,2B/SS,-0.3,70,180,-1.0950728849608278
Hansel Robles,11801,Mets,P,-0.3,71,185,-1.0950728849608278
Junichi Tazawa,4079,Marlins,P,-0.3,71,200,-1.0950728849608278
Warwick Saupold,13211,Tigers,P,-0.3,73,195,-1.0950728849608278
Austin Bibens-Dirkx,9559,Rangers,P,-0.3,73,210,-1.0950728849608278
Elias Diaz,11680,Pirates,C,-0.3,73,215,-1.0950728849608278
Casey Lawrence,11121,- - -,P,-0.3,74,170,-1.0950728849608278
Edwin Jackson,1841,- - -,P,-0.3,74,215,-1.0950728849608278
Chad Bell,10297,Tigers,P,-0.3,75,200,-1.0950728849608278
Dustin McGowan,8600,Marlins,P,-0.3,75,235,-1.0950728849608278
Jordan Lyles,7593,- - -,P,-0.3,76,230,-1.0950728849608278
Jayson Werth,1327,Nationals,LF,-0.3,77,235,-1.0950728849608278
Miguel Montero,3364,- - -,C,-0.4,71,210,-1.157224715903461
Jeremy Jeffress,9490,- - -,P,-0.4,72,205,-1.157224715903461
Jace Peterson,12325,Braves,LF,-0.4,72,215,-1.157224715903461
Andrew Romine,1159,Tigers,PH/PR,-0.4,73,200,-1.157224715903461
Jose Ramirez,10171,Braves,P,-0.4,73,215,-1.157224715903461
Danny Valencia,6364,Mariners,1B,-0.4,74,210,-1.157224715903461
Hanley Ramirez,8001,Red Sox,DH,-0.4,74,235,-1.157224715903461
Justin Grimm,11720,Cubs,P,-0.4,75,210,-1.157224715903461
Tim Adleman,10968,Reds,P,-0.4,77,225,-1.157224715903461
Jose Bautista,1887,Blue Jays,RF,-0.5,72,205,-1.2193765468460942
Stephen Vogt,5000,- - -,C,-0.5,72,225,-1.2193765468460942
Brandon Moss,4467,Royals,DH,-0.5,73,210,-1.2193765468460942
Jonathan Villar,10071,Brewers,2B,-0.5,73,215,-1.2193765468460942
Maikel Franco,12179,Phillies,3B,-0.5,73,215,-1.2193765468460942
Mike Napoli,3057,Rangers,1B,-0.5,73,225,-1.2193765468460942
Adam Rosales,9682,- - -,SS,-0.5,74,200,-1.2193765468460942
Jose Osuna,12937,Pirates,1B/RF,-0.5,75,240,-1.2193765468460942
Matt Kemp,5631,Braves,LF,-0.5,76,210,-1.2193765468460942
Darwin Barney,2430,Blue Jays,2B/3B,-0.6,70,180,-1.2815283777887276
Travis Wood,9884,- - -,P,-0.6,71,175,-1.2815283777887276
Chris Herrmann,9284,Diamondbacks,C/LF,-0.6,72,200,-1.2815283777887276
Junior Guerra,5702,Brewers,P,-0.6,72,205,-1.2815283777887276
Taylor Motter,12399,Mariners,SS,-0.6,73,195,-1.2815283777887276
J.J. Hardy,3797,Orioles,SS,-0.6,73,200,-1.2815283777887276
Austin Romine,5491,Yankees,C,-0.6,73,220,-1.2815283777887276
Kendrys Morales,8610,Blue Jays,DH,-0.6,73,225,-1.2815283777887276
Tom Koehler,6570,- - -,P,-0.6,75,235,-1.2815283777887276
Tyler Glasnow,14374,Pirates,P,-0.6,80,220,-1.2815283777887276
Adam Engel,15082,White Sox,CF,-0.7,74,210,-1.3436802087313608
David Holmberg,7725,White Sox,P,-0.7,75,245,-1.3436802087313608
Michael Saunders,9981,- - -,RF,-0.7,76,225,-1.3436802087313608
Chris Carter,9911,Yankees,1B,-0.7,76,245,-1.3436802087313608
Alen Hanson,12926,- - -,2B/RF,-0.8,71,170,-1.4058320396739938
Pablo Sandoval,5409,- - -,3B,-0.8,71,255,-1.4058320396739938
Chris Smith,4544,Athletics,P,-0.8,72,190,-1.4058320396739938
Ian Desmond,6885,Rockies,1B/LF,-0.8,75,215,-1.4058320396739938
Bronson Arroyo,978,Reds,P,-0.8,76,190,-1.4058320396739938
Matt Harvey,11713,Mets,P,-0.8,76,215,-1.4058320396739938
Sam Dyson,11710,- - -,P,-0.9,73,205,-1.4679838706166273
Derek Holland,4141,White Sox,P,-0.9,74,215,-1.4679838706166273
Matt Davidson,7226,White Sox,3B/DH,-0.9,75,230,-1.4679838706166273
Rougned Odor,12282,Rangers,2B,-1,71,195,-1.5301357015592605
Danny Espinosa,9219,- - -,2B,-1,72,205,-1.5301357015592605
Chris Tillman,5279,Orioles,P,-1,77,200,-1.5301357015592605
Mike Pelfrey,5203,White Sox,P,-1,79,240,-1.5301357015592605
Allen Cordoba,15722,Padres,SS/LF,-1.1,73,175,-1.5922875325018937
Carlos Beltran,589,Astros,DH,-1.1,73,215,-1.5922875325018937
Tommy Joseph,10349,Phillies,1B,-1.1,73,255,-1.5922875325018937
Dylan Covey,14825,White Sox,P,-1.1,74,195,-1.5922875325018937
Victor Martinez,393,Tigers,DH,-1.1,74,210,-1.5922875325018937
Hyun Soo Kim,18718,- - -,LF,-1.1,74,210,-1.5922875325018937
Adrian Gonzalez,1908,Dodgers,1B,-1.1,74,215,-1.5922875325018937
Tyler Saladino,10807,White Sox,2B/3B,-1.2,72,200,-1.6544393634445271
Trevor Plouffe,7462,- - -,3B,-1.2,74,215,-1.6544393634445271
Chris Beck,13418,White Sox,P,-1.2,75,225,-1.6544393634445271
Mark Trumbo,6876,Orioles,DH,-1.2,76,225,-1.6544393634445271
Amir Garrett,14375,Reds,P,-1.2,77,228,-1.6544393634445271
Albert Pujols,1177,Angels,DH,-2,75,240,-2.151654010985593
